-- phpMyAdmin SQL Dump
-- version 5.2.1
-- https://www.phpmyadmin.net/
--
-- Host: 127.0.0.1
-- Generation Time: Jul 24, 2023 at 10:09 PM
-- Server version: 10.4.28-MariaDB
-- PHP Version: 8.0.28

SET SQL_MODE = "NO_AUTO_VALUE_ON_ZERO";
START TRANSACTION;
SET time_zone = "+00:00";


/*!40101 SET @OLD_CHARACTER_SET_CLIENT=@@CHARACTER_SET_CLIENT */;
/*!40101 SET @OLD_CHARACTER_SET_RESULTS=@@CHARACTER_SET_RESULTS */;
/*!40101 SET @OLD_COLLATION_CONNECTION=@@COLLATION_CONNECTION */;
/*!40101 SET NAMES utf8mb4 */;

--
-- Database: `hrsystemci`
--

-- --------------------------------------------------------

--
-- Table structure for table `addition`
--

CREATE TABLE `addition` (
  `addi_id` int(14) NOT NULL,
  `salary_id` int(14) NOT NULL,
  `basic` varchar(128) DEFAULT NULL,
  `medical` varchar(64) DEFAULT NULL,
  `house_rent` varchar(64) DEFAULT NULL,
  `conveyance` varchar(64) DEFAULT NULL
) ENGINE=InnoDB DEFAULT CHARSET=utf8 COLLATE=utf8_general_ci;

--
-- Dumping data for table `addition`
--

INSERT INTO `addition` (`addi_id`, `salary_id`, `basic`, `medical`, `house_rent`, `conveyance`) VALUES
(1, 1, '2750.00', '275.00', '2200.00', '275.00'),
(2, 2, '13500', '', '', ''),
(3, 3, '9050.00', '905.00', '7240.00', '905.00'),
(4, 4, '10500', '0', '0', '0'),
(5, 5, '6000', '', '', ''),
(6, 6, '10500', '0', '0', '0'),
(7, 7, '10500', '', '', ''),
(8, 8, '5500.00', '550.00', '4400.00', '550.00'),
(9, 9, '12500', '0', '0', '0'),
(10, 10, '10500', '', '', ''),
(11, 11, '10500', '0', '00', '0'),
(12, 12, '10500', '', '', '');

-- --------------------------------------------------------

--
-- Table structure for table `address`
--

CREATE TABLE `address` (
  `id` int(14) NOT NULL,
  `emp_id` varchar(64) DEFAULT NULL,
  `city` varchar(128) DEFAULT NULL,
  `country` varchar(128) DEFAULT NULL,
  `address` varchar(512) DEFAULT NULL,
  `type` enum('Present','Permanent') DEFAULT 'Present'
) ENGINE=InnoDB DEFAULT CHARSET=latin1 COLLATE=latin1_swedish_ci;

--
-- Dumping data for table `address`
--

INSERT INTO `address` (`id`, `emp_id`, `city`, `country`, `address`, `type`) VALUES
(1, 'Doe1753', 'Madridejos, Cebu', 'Philippines', '1669 Poblacion', 'Permanent'),
(2, 'Doe1753', 'Madridejos, Cebu', 'Philippines', '1669 Poblacion', 'Present'),
(3, 'Soy1332', 'Madridejos, Cebu', 'Philippines', '1669 Poblacion', 'Permanent'),
(4, 'Soy1332', 'Madridejos, Cebu', 'Philippines', '1669 Poblacion', 'Present');

-- --------------------------------------------------------

--
-- Table structure for table `assets`
--

CREATE TABLE `assets` (
  `ass_id` int(14) NOT NULL,
  `catid` varchar(14) NOT NULL,
  `ass_name` varchar(256) DEFAULT NULL,
  `ass_brand` varchar(128) DEFAULT NULL,
  `ass_model` varchar(256) DEFAULT NULL,
  `ass_code` varchar(256) DEFAULT NULL,
  `configuration` varchar(512) DEFAULT NULL,
  `purchasing_date` varchar(128) DEFAULT NULL,
  `ass_price` varchar(128) DEFAULT NULL,
  `ass_qty` varchar(64) DEFAULT NULL,
  `in_stock` varchar(64) DEFAULT NULL
) ENGINE=InnoDB DEFAULT CHARSET=utf8 COLLATE=utf8_general_ci;

--
-- Dumping data for table `assets`
--

INSERT INTO `assets` (`ass_id`, `catid`, `ass_name`, `ass_brand`, `ass_model`, `ass_code`, `configuration`, `purchasing_date`, `ass_price`, `ass_qty`, `in_stock`) VALUES
(1, '3', 'Laptop T10', 'Dell', 'Alienware', 'AW569', 'demo config demo config demo config', '12/23/2021', '1949', '3', '3');

-- --------------------------------------------------------

--
-- Table structure for table `assets_category`
--

CREATE TABLE `assets_category` (
  `cat_id` int(14) NOT NULL,
  `cat_status` enum('ASSETS','LOGISTIC') NOT NULL DEFAULT 'ASSETS',
  `cat_name` varchar(256) DEFAULT NULL
) ENGINE=InnoDB DEFAULT CHARSET=utf8 COLLATE=utf8_general_ci;

--
-- Dumping data for table `assets_category`
--

INSERT INTO `assets_category` (`cat_id`, `cat_status`, `cat_name`) VALUES
(1, 'ASSETS', 'TAB'),
(2, 'ASSETS', 'Computer'),
(3, 'ASSETS', 'Laptop'),
(4, 'LOGISTIC', 'tab');

-- --------------------------------------------------------

--
-- Table structure for table `assign_leave`
--

CREATE TABLE `assign_leave` (
  `id` int(14) NOT NULL,
  `app_id` varchar(11) NOT NULL,
  `emp_id` varchar(64) DEFAULT NULL,
  `type_id` int(14) NOT NULL,
  `day` varchar(256) DEFAULT NULL,
  `hour` varchar(255) NOT NULL,
  `total_day` varchar(64) DEFAULT NULL,
  `dateyear` varchar(64) DEFAULT NULL
) ENGINE=InnoDB DEFAULT CHARSET=utf8 COLLATE=utf8_general_ci;

--
-- Dumping data for table `assign_leave`
--

INSERT INTO `assign_leave` (`id`, `app_id`, `emp_id`, `type_id`, `day`, `hour`, `total_day`, `dateyear`) VALUES
(1, '', 'Moo1402', 2, NULL, '8', NULL, '2021'),
(2, '', 'Tho1044', 2, NULL, '56', NULL, '2022'),
(3, '', 'Den1745', 1, NULL, '8', NULL, '2022'),
(4, '', 'Moo1402', 4, NULL, '56', NULL, '2023');

-- --------------------------------------------------------

--
-- Table structure for table `assign_task`
--

CREATE TABLE `assign_task` (
  `id` int(14) NOT NULL,
  `task_id` int(14) NOT NULL,
  `project_id` int(14) NOT NULL,
  `assign_user` varchar(64) DEFAULT NULL,
  `user_type` enum('Team Head','Collaborators') NOT NULL DEFAULT 'Collaborators'
) ENGINE=InnoDB DEFAULT CHARSET=utf8 COLLATE=utf8_general_ci;

--
-- Dumping data for table `assign_task`
--

INSERT INTO `assign_task` (`id`, `task_id`, `project_id`, `assign_user`, `user_type`) VALUES
(1, 1, 1, 'Moo1402', 'Team Head'),
(2, 1, 1, 'Doe1753', 'Collaborators');

-- --------------------------------------------------------

--
-- Table structure for table `attendance`
--

CREATE TABLE `attendance` (
  `id` int(14) NOT NULL,
  `emp_id` varchar(64) DEFAULT NULL,
  `atten_date` varchar(64) DEFAULT NULL,
  `signin_time` time DEFAULT NULL,
  `signout_time` time DEFAULT '00:00:00',
  `working_hour` varchar(64) DEFAULT NULL,
  `place` varchar(255) NOT NULL,
  `absence` varchar(128) DEFAULT NULL,
  `overtime` varchar(128) DEFAULT NULL,
  `earnleave` varchar(128) DEFAULT NULL,
  `status` varchar(64) DEFAULT NULL,
  `logstatus` int(11) NOT NULL DEFAULT 0
) ENGINE=InnoDB DEFAULT CHARSET=utf8 COLLATE=utf8_general_ci;

--
-- Dumping data for table `attendance`
--

INSERT INTO `attendance` (`id`, `emp_id`, `atten_date`, `signin_time`, `signout_time`, `working_hour`, `place`, `absence`, `overtime`, `earnleave`, `status`, `logstatus`) VALUES
(1012, '6969', '2023-06-04', '10:00:00', '03:04:00', '06 h 56 m', 'field', NULL, NULL, NULL, 'E', 1),
(1013, '6969', '2023-06-06', '09:00:00', '02:00:00', '07 h 0 m', 'office', NULL, NULL, NULL, 'A', 1),
(1014, '123456', '2023-12-01', '09:00:00', '04:30:00', '04 h 30 m', 'office', NULL, NULL, NULL, 'A', 1),
(1015, '123444', '2023-12-29', '09:00:00', '03:00:00', '06 h 0 m', 'office', NULL, NULL, NULL, 'A', 1),
(1016, '3008', '2023-12-28', '10:00:00', '03:23:00', '06 h 37 m', 'office', NULL, NULL, NULL, 'A', 1),
(1017, '6600', '2023-01-02', '10:00:00', '04:00:00', '06 h 0 m', 'office', NULL, NULL, NULL, 'E', 1),
(1018, '8829', '2023-01-02', '10:00:00', '04:05:00', '05 h 55 m', 'office', NULL, NULL, NULL, 'E', 1),
(1019, '6600', '2023-06-30', '10:00:00', '05:00:00', '05 h 0 m', 'office', NULL, NULL, NULL, 'A', 1),
(1020, '8080', '2023-07-15', '05:15:00', '06:00:00', '01 h 0 m', 'office', NULL, NULL, NULL, 'E', 1),
(1021, '8080', '2023-07-15', '05:00:00', '18:00:00', '13 h 0 m', 'office', NULL, NULL, NULL, 'A', 0),
(1027, '6600', '2023-07-15', '08:10:09', '08:12:53', '0.95', '', NULL, NULL, NULL, NULL, 0),
(1028, '6969', '2023-07-15', '08:14:47', '00:00:00', NULL, 'office', NULL, NULL, NULL, NULL, 0),
(1029, '6600', '2023-07-22', '03:02:45', '00:00:00', NULL, 'office', NULL, NULL, NULL, NULL, 0),
(1030, '3008', '2023-07-22', '03:27:13', '00:00:00', NULL, 'office', NULL, NULL, NULL, NULL, 0),
(1031, '3008', '2023-07-23', '11:09:18', '21:15:08', '20.25', 'office', NULL, NULL, NULL, NULL, 1),
(1032, '6661', '2023-07-23', '11:31:33', '00:00:00', NULL, 'office', NULL, NULL, NULL, NULL, 0),
(1033, '8080', '2023-07-24', '10:41:35', '00:00:00', NULL, 'office', NULL, NULL, NULL, NULL, 1),
(1034, '1058', '2023-07-24', '10:44:46', '00:00:20', '3.9833333333333', 'office', NULL, NULL, NULL, NULL, 1),
(1035, '6600', '2023-07-24', '12:40:50', '00:00:00', NULL, 'office', NULL, NULL, NULL, NULL, 1),
(1036, '6969', '2023-07-24', '14:30:09', '00:00:00', NULL, 'office', NULL, NULL, NULL, NULL, 0),
(1037, '8877', '2023-07-24', '14:45:14', '00:00:00', NULL, 'office', NULL, NULL, NULL, NULL, 0),
(1038, '3008', '2023-07-24', '15:02:24', '00:00:00', NULL, 'office', NULL, NULL, NULL, NULL, 0),
(1039, '3331', '2023-07-24', '02:12:51', '00:00:00', NULL, 'office', NULL, NULL, NULL, NULL, 0),
(1040, '1058', '2023-07-25', '11:07:44', '00:00:00', NULL, 'office', NULL, NULL, NULL, NULL, 1);

-- --------------------------------------------------------

--
-- Table structure for table `attendance_schedules`
--

CREATE TABLE `attendance_schedules` (
  `id` int(11) NOT NULL,
  `time_in` time NOT NULL,
  `time_out` time NOT NULL
) ENGINE=InnoDB DEFAULT CHARSET=latin1 COLLATE=latin1_swedish_ci;

--
-- Dumping data for table `attendance_schedules`
--

INSERT INTO `attendance_schedules` (`id`, `time_in`, `time_out`) VALUES
(1, '05:00:00', '13:00:00'),
(2, '10:00:00', '18:00:00');

-- --------------------------------------------------------

--
-- Table structure for table `bank_info`
--

CREATE TABLE `bank_info` (
  `id` int(14) NOT NULL,
  `em_id` varchar(64) DEFAULT NULL,
  `holder_name` varchar(256) DEFAULT NULL,
  `bank_name` varchar(256) DEFAULT NULL,
  `branch_name` varchar(256) DEFAULT NULL,
  `account_number` varchar(256) DEFAULT NULL,
  `account_type` varchar(256) DEFAULT NULL
) ENGINE=InnoDB DEFAULT CHARSET=utf8 COLLATE=utf8_general_ci;

--
-- Dumping data for table `bank_info`
--

INSERT INTO `bank_info` (`id`, `em_id`, `holder_name`, `bank_name`, `branch_name`, `account_number`, `account_type`) VALUES
(1, 'Doe1754', 'John W Greenwood', 'PNB', 'Bantayan, Cebu', '0025869690', 'Saving'),
(2, 'Doe1753', 'Will Williams', '', 'Bantayan, Cebu', '', 'Current'),
(3, 'Soy1332', 'Thomas Anderson', '', 'Bantayan, Cebu', '', 'Salary Account'),
(4, 'Rob1472', 'Stephany Robs Jr', '', 'Bantayan, Cebu', '', 'Savings'),
(5, 'Tho1044', 'Chris Thompson', '', 'Bantayan, Cebu', '', 'Savings'),
(6, 'Moo1402', 'Liam Moore', '', 'Bantayan, Cebu', '', 'Salary Account'),
(7, 'Smi1266', 'Colin Smith', '', 'Talangnan, Cebu', '', 'Salary Account'),
(8, 'Moo1634', 'Christine Moore', '', 'Kangwayan, Cebu', '', 'Savings'),
(9, 'Joh1474', 'Michael K Johnson', '', 'Poblacion, Cebu', '', 'Salary Account'),
(10, 'Den1745', 'Emily V Denn', '', 'Bantayan, Cebu', '', 'Savings');

-- --------------------------------------------------------

--
-- Table structure for table `branch`
--

CREATE TABLE `branch` (
  `id` int(11) NOT NULL,
  `bra_name` varchar(255) DEFAULT NULL
) ENGINE=InnoDB DEFAULT CHARSET=latin1 COLLATE=latin1_swedish_ci;

--
-- Dumping data for table `branch`
--

INSERT INTO `branch` (`id`, `bra_name`) VALUES
(1, 'Poblacion, Cebu'),
(2, 'Talangnan, Cebu'),
(3, 'Santa Fe, Cebu');

-- --------------------------------------------------------

--
-- Table structure for table `deduction`
--

CREATE TABLE `deduction` (
  `de_id` int(14) NOT NULL,
  `salary_id` int(14) NOT NULL,
  `provident_fund` varchar(64) DEFAULT NULL,
  `bima` varchar(64) DEFAULT NULL,
  `tax` varchar(64) DEFAULT NULL,
  `others` varchar(64) DEFAULT NULL
) ENGINE=InnoDB DEFAULT CHARSET=utf8 COLLATE=utf8_general_ci;

--
-- Dumping data for table `deduction`
--

INSERT INTO `deduction` (`de_id`, `salary_id`, `provident_fund`, `bima`, `tax`, `others`) VALUES
(1, 1, '', '0', '10', '0'),
(2, 2, '', '', '10', ''),
(3, 3, '', '0', '10', '0'),
(4, 4, '', '', '5', ''),
(5, 5, '', '', '', ''),
(6, 6, '', '', '10', ''),
(7, 7, '', '', '7', ''),
(8, 8, '', '0', '10', '0'),
(9, 9, '', '', '', ''),
(10, 10, '', '', '10', ''),
(11, 11, '', '', '', ''),
(12, 12, '', '', '', '');

-- --------------------------------------------------------

--
-- Table structure for table `department`
--

CREATE TABLE `department` (
  `id` int(11) NOT NULL,
  `dep_name` varchar(64) NOT NULL
) ENGINE=InnoDB DEFAULT CHARSET=latin1 COLLATE=latin1_swedish_ci;

--
-- Dumping data for table `department`
--

INSERT INTO `department` (`id`, `dep_name`) VALUES
(3, 'HR, & Admininstration'),
(4, 'Warehouse'),
(5, 'IT Helpdesk'),
(7, 'Utility'),
(8, 'Store'),
(10, 'Management');

-- --------------------------------------------------------

--
-- Table structure for table `desciplinary`
--

CREATE TABLE `desciplinary` (
  `id` int(14) NOT NULL,
  `em_id` varchar(64) DEFAULT NULL,
  `action` varchar(256) DEFAULT NULL,
  `title` varchar(256) DEFAULT NULL,
  `description` varchar(512) DEFAULT NULL
) ENGINE=InnoDB DEFAULT CHARSET=utf8 COLLATE=utf8_general_ci;

-- --------------------------------------------------------

--
-- Table structure for table `designation`
--

CREATE TABLE `designation` (
  `id` int(11) NOT NULL,
  `des_name` varchar(64) NOT NULL
) ENGINE=InnoDB DEFAULT CHARSET=latin1 COLLATE=latin1_swedish_ci;

--
-- Dumping data for table `designation`
--

INSERT INTO `designation` (`id`, `des_name`) VALUES
(2, 'Owner'),
(3, 'Utility Staff'),
(4, 'Sweeper'),
(5, 'Cashier'),
(6, 'Driver'),
(7, 'Merchandizer'),
(8, 'Butcher'),
(12, 'HR Admin'),
(14, 'Cook'),
(28, 'Delivery Boy'),
(29, 'Bagger'),
(30, 'Dispatcher'),
(31, 'Technician (CCTV)'),
(32, 'IT Support');

-- --------------------------------------------------------

--
-- Table structure for table `earned_leave`
--

CREATE TABLE `earned_leave` (
  `id` int(14) NOT NULL,
  `em_id` varchar(64) DEFAULT NULL,
  `present_date` varchar(64) DEFAULT NULL,
  `hour` varchar(64) DEFAULT NULL,
  `status` varchar(64) DEFAULT NULL
) ENGINE=InnoDB DEFAULT CHARSET=utf8 COLLATE=utf8_general_ci;

--
-- Dumping data for table `earned_leave`
--

INSERT INTO `earned_leave` (`id`, `em_id`, `present_date`, `hour`, `status`) VALUES
(26, 'Mir1685', '0', '0', '1'),
(27, 'Rah1682', '0', '0', '1'),
(28, 'edr1432', '0', '0', '1');

-- --------------------------------------------------------

--
-- Table structure for table `education`
--

CREATE TABLE `education` (
  `id` int(11) NOT NULL,
  `emp_id` varchar(128) DEFAULT NULL,
  `edu_type` varchar(256) DEFAULT NULL,
  `institute` varchar(256) DEFAULT NULL,
  `result` varchar(64) DEFAULT NULL,
  `year` varchar(64) DEFAULT NULL
) ENGINE=InnoDB DEFAULT CHARSET=latin1 COLLATE=latin1_swedish_ci;

--
-- Dumping data for table `education`
--

INSERT INTO `education` (`id`, `emp_id`, `edu_type`, `institute`, `result`, `year`) VALUES
(1, 'Doe1753', 'BSIT', 'Madridejos Community College', '71', '2016');

-- --------------------------------------------------------

--
-- Table structure for table `employee`
--

CREATE TABLE `employee` (
  `id` int(11) NOT NULL,
  `em_id` varchar(64) DEFAULT NULL,
  `em_code` varchar(64) DEFAULT NULL,
  `des_id` int(11) DEFAULT NULL,
  `dep_id` int(11) DEFAULT NULL,
  `first_name` varchar(128) DEFAULT NULL,
  `last_name` varchar(128) DEFAULT NULL,
  `em_email` varchar(64) DEFAULT NULL,
  `em_password` varchar(512) NOT NULL,
  `em_role` enum('ADMIN','EMPLOYEE','SUPER ADMIN') NOT NULL DEFAULT 'EMPLOYEE',
  `em_address` varchar(512) DEFAULT NULL,
  `status` enum('ACTIVE','INACTIVE') NOT NULL DEFAULT 'ACTIVE',
  `em_gender` enum('Male','Female') NOT NULL DEFAULT 'Male',
  `em_phone` varchar(64) DEFAULT NULL,
  `em_birthday` varchar(128) DEFAULT NULL,
  `em_blood_group` enum('O+','O-','A+','A-','B+','B-','AB+','OB+') DEFAULT NULL,
  `em_joining_date` varchar(128) DEFAULT NULL,
  `em_contact_end` varchar(128) DEFAULT NULL,
  `em_image` varchar(128) DEFAULT NULL,
  `em_nid` varchar(64) DEFAULT NULL,
  `schedule_id` int(11) NOT NULL DEFAULT 1
) ENGINE=InnoDB DEFAULT CHARSET=latin1 COLLATE=latin1_swedish_ci;

--
-- Dumping data for table `employee`
--

INSERT INTO `employee` (`id`, `em_id`, `em_code`, `des_id`, `dep_id`, `first_name`, `last_name`, `em_email`, `em_password`, `em_role`, `em_address`, `status`, `em_gender`, `em_phone`, `em_birthday`, `em_blood_group`, `em_joining_date`, `em_contact_end`, `em_image`, `em_nid`, `schedule_id`) VALUES
(10, 'Soy1332', '9991', 1, 1, 'Tita', 'Cena', 'titacena@mail.com', '25c2c9afdd83b8d34234aa2881cc341C09689aaa', 'SUPER ADMIN', NULL, 'ACTIVE', 'Female', '7856587870', '1985-12-05', 'B+', '2018-01-06', '2018-01-06', 'Soy1332.jpg', '132154566556', 1),
(36, 'Doe1753', '123456', 12, 2, 'Will', 'Williams', 'admin@mail.com', 'cd5ea73cd58f827fa78eef7197b8ee606c99b2e6', 'ADMIN', NULL, 'ACTIVE', 'Male', '999999900', '1990-12-13', 'O+', '2019-02-15', '2019-02-22', 'user.png', '01253568955555', 1),
(37, 'Doe1754', '123444', 32, 5, 'John', 'Greenwood', 'employee@mail.com', 'cd5ea73cd58f827fa78eef7197b8ee606c99b2e6', 'EMPLOYEE', NULL, 'ACTIVE', 'Male', '1111110010', '1995-10-30', 'O+', '2019-02-15', '2019-02-22', 'Doe1753.jpg', '01253568955555', 1),
(38, 'Moo1402', '6969', 1, 1, 'Peter', 'Moore', 'liam@mail.com', '5baa61e4c9b93f3f0682250b6cf8331b7ee68fd8', 'EMPLOYEE', NULL, 'ACTIVE', 'Male', '7124589965', '1994-03-23', 'A-', '2021-05-04', '2023-05-17', 'Moo1402.png', '1234567890', 1),
(39, 'Rob1472', '1058', 5, 8, 'Stephany', 'Robs', 'stephany@mail.com', 'ca8229f1d71a51525153db2f7fa2819c1e4ad98a', 'EMPLOYEE', NULL, 'ACTIVE', 'Female', '7850001111', '1992-12-24', 'A+', '2021-04-14', '', 'Rob1472.png', '7000105000', 1),
(40, 'Tho1044', '8877', 28, 4, 'Chris', 'Thompson', 'chris@mail.com', '260a678229cde1991cd1ac0d6adb4980c76c5e7f', 'EMPLOYEE', NULL, 'ACTIVE', 'Male', '7852140000', '1993-01-02', 'AB+', '2021-10-01', '', 'Tho1044.png', '0102580010', 1),
(41, 'Smi1266', '3008', 5, 8, 'Colin', 'Smith', 'colin@mail.com', '7b4286b09972e2859b718440aa68a2a6eeb869dd', 'EMPLOYEE', NULL, 'ACTIVE', 'Male', '7400001450', '1990-12-12', 'B+', '2021-10-10', '', 'Smi1266.png', '0147000000', 1),
(42, 'Moo1634', '6661', 5, 8, 'Christine', 'Moore', 'christine@mail.com', '37219392e904e98b6dca4f729f1d29c642d40e19', 'EMPLOYEE', NULL, 'ACTIVE', 'Female', '1010140000', '1991-04-05', 'A-', '2021-10-10', '', 'Moo1634.png', '147850000144', 1),
(44, 'Den1745', '6600', 5, 8, 'Emily', 'Denn', 'emily@mail.com', '5baa61e4c9b93f3f0682250b6cf8331b7ee68fd8', 'EMPLOYEE', NULL, 'ACTIVE', 'Female', '7410144470', '1996-03-03', 'AB+', '2021-10-10', '', 'Den1745.png', '880024520000', 1),
(45, 'Del1118', '8080', 6, 4, 'Juan', 'Dela Cruz', 'juand@gmail.com', '036aaf2049dbcac07bd9c8edbecff7142d2f9322', 'EMPLOYEE', NULL, 'ACTIVE', 'Male', '09612548878', '1983-01-01', 'O+', '2023-03-06', '', NULL, '1212121212121', 1),
(46, 'Leo1711', '3331', 5, 8, 'Jamie', 'Leones', 'jam@mail.com', '6be1af7de8ae9ed28cb9873ad5fc94f44c9e8999', 'EMPLOYEE', NULL, 'ACTIVE', 'Female', '13326545584', '2023-02-07', 'O+', '2023-07-24', '', NULL, '1326544823', 1);

-- --------------------------------------------------------

--
-- Table structure for table `employee_file`
--

CREATE TABLE `employee_file` (
  `id` int(14) NOT NULL,
  `em_id` varchar(64) DEFAULT NULL,
  `file_title` varchar(512) DEFAULT NULL,
  `file_url` varchar(512) DEFAULT NULL
) ENGINE=InnoDB DEFAULT CHARSET=utf8 COLLATE=utf8_general_ci;

-- --------------------------------------------------------

--
-- Table structure for table `emp_assets`
--

CREATE TABLE `emp_assets` (
  `id` int(11) NOT NULL,
  `emp_id` int(11) NOT NULL,
  `assets_id` int(11) NOT NULL,
  `given_date` date NOT NULL,
  `return_date` date NOT NULL
) ENGINE=InnoDB DEFAULT CHARSET=utf8 COLLATE=utf8_general_ci;

-- --------------------------------------------------------

--
-- Table structure for table `emp_experience`
--

CREATE TABLE `emp_experience` (
  `id` int(14) NOT NULL,
  `emp_id` varchar(256) DEFAULT NULL,
  `exp_company` varchar(128) DEFAULT NULL,
  `exp_com_position` varchar(128) DEFAULT NULL,
  `exp_com_address` varchar(128) DEFAULT NULL,
  `exp_workduration` varchar(128) DEFAULT NULL
) ENGINE=InnoDB DEFAULT CHARSET=utf8 COLLATE=utf8_general_ci;

-- --------------------------------------------------------

--
-- Table structure for table `emp_leave`
--

CREATE TABLE `emp_leave` (
  `id` int(11) NOT NULL,
  `em_id` varchar(64) DEFAULT NULL,
  `typeid` int(14) NOT NULL,
  `leave_type` varchar(64) DEFAULT NULL,
  `start_date` varchar(64) DEFAULT NULL,
  `end_date` varchar(64) DEFAULT NULL,
  `leave_duration` varchar(128) DEFAULT NULL,
  `apply_date` varchar(64) DEFAULT NULL,
  `reason` varchar(1024) DEFAULT NULL,
  `leave_status` enum('Approve','Not Approve','Rejected') NOT NULL DEFAULT 'Not Approve'
) ENGINE=InnoDB DEFAULT CHARSET=latin1 COLLATE=latin1_swedish_ci;

--
-- Dumping data for table `emp_leave`
--

INSERT INTO `emp_leave` (`id`, `em_id`, `typeid`, `leave_type`, `start_date`, `end_date`, `leave_duration`, `apply_date`, `reason`, `leave_status`) VALUES
(1, 'Moo1402', 2, 'Full Day', '2023-06-29', '', '8', '2023-06-29', 'a bit of a headache and cough', 'Approve'),
(2, 'Tho1044', 2, 'More than One day', '2023-06-29', '2023-06-29', '56', '2023-06-29', 'Common Cold with Headache', 'Approve'),
(3, 'Joh1474', 1, 'Full Day', '2023-06-29', '', '8', '2023-06-29', 'This is just a demo reason for testing!', 'Rejected'),
(4, 'Rob1472', 3, 'More than One day', '2023-07-24', '2023-07-27', '24', '2023-07-22', 'Demo Test Demo Test Demo', 'Not Approve'),
(5, 'Den1745', 1, 'Full Day', '2023-06-29', '', '8', '2023-06-29', 'demo demo demo demo demo demo', 'Approve'),
(6, 'Moo1402', 4, 'More than One day', '2023-07-22', '2023-07-29', '56', '2023-07-24', NULL, 'Approve');

-- --------------------------------------------------------

--
-- Table structure for table `emp_penalty`
--

CREATE TABLE `emp_penalty` (
  `id` int(11) NOT NULL,
  `emp_id` int(11) NOT NULL,
  `penalty_id` int(11) NOT NULL,
  `penalty_desc` text DEFAULT NULL
) ENGINE=InnoDB DEFAULT CHARSET=utf8 COLLATE=utf8_general_ci;

-- --------------------------------------------------------

--
-- Table structure for table `emp_salary`
--

CREATE TABLE `emp_salary` (
  `id` int(11) NOT NULL,
  `emp_id` varchar(64) DEFAULT NULL,
  `type_id` int(11) NOT NULL,
  `total` varchar(64) DEFAULT NULL
) ENGINE=InnoDB DEFAULT CHARSET=utf8 COLLATE=utf8_general_ci;

--
-- Dumping data for table `emp_salary`
--

INSERT INTO `emp_salary` (`id`, `emp_id`, `type_id`, `total`) VALUES
(1, 'Doe1754', 2, '5500'),
(2, 'Doe1753', 2, '13500'),
(3, 'Soy1332', 2, '18100'),
(4, 'Rob1472', 2, '10500'),
(5, 'Moo1402', 2, '6000'),
(6, 'Smi1266', 2, '10500'),
(7, 'Moo1634', 2, '10500'),
(8, 'Joh1474', 2, '11000'),
(9, 'Tho1044', 2, '10500'),
(10, 'Den1745', 2, '10500'),
(11, 'Del1118', 4, '10500'),
(12, 'Leo1711', 4, '10500');

-- --------------------------------------------------------

--
-- Table structure for table `emp_training`
--

CREATE TABLE `emp_training` (
  `id` int(11) NOT NULL,
  `trainig_id` int(11) NOT NULL,
  `emp_id` int(11) NOT NULL
) ENGINE=InnoDB DEFAULT CHARSET=utf8 COLLATE=utf8_general_ci;

-- --------------------------------------------------------

--
-- Table structure for table `field_visit`
--

CREATE TABLE `field_visit` (
  `id` int(14) NOT NULL,
  `project_id` varchar(256) NOT NULL,
  `emp_id` varchar(64) DEFAULT NULL,
  `field_location` varchar(512) NOT NULL,
  `start_date` varchar(64) DEFAULT NULL,
  `approx_end_date` varchar(28) NOT NULL,
  `total_days` varchar(64) DEFAULT NULL,
  `notes` varchar(500) NOT NULL,
  `actual_return_date` varchar(28) NOT NULL,
  `status` enum('Approved','Not Approve','Rejected') NOT NULL DEFAULT 'Not Approve',
  `attendance_updated` varchar(11) NOT NULL
) ENGINE=InnoDB DEFAULT CHARSET=utf8 COLLATE=utf8_general_ci;

-- --------------------------------------------------------

--
-- Table structure for table `holiday`
--

CREATE TABLE `holiday` (
  `id` int(11) NOT NULL,
  `holiday_name` varchar(256) DEFAULT NULL,
  `from_date` varchar(64) DEFAULT NULL,
  `to_date` varchar(64) DEFAULT NULL,
  `number_of_days` varchar(64) DEFAULT NULL,
  `year` varchar(64) DEFAULT NULL
) ENGINE=InnoDB DEFAULT CHARSET=utf8 COLLATE=utf8_general_ci;

--
-- Dumping data for table `holiday`
--

INSERT INTO `holiday` (`id`, `holiday_name`, `from_date`, `to_date`, `number_of_days`, `year`) VALUES
(3, 'New Year\'s Day', '2024-01-01', '2024-01-02', '1', '01-2024'),
(5, 'Christmas', '2023-12-24', '2023-12-25', '1', '12-2023'),
(7, 'Halloween', '2023-11-01', '2023-11-02', '1', '11-2023');

-- --------------------------------------------------------

--
-- Table structure for table `leave_types`
--

CREATE TABLE `leave_types` (
  `type_id` int(14) NOT NULL,
  `name` varchar(64) NOT NULL,
  `leave_day` varchar(255) NOT NULL,
  `status` tinyint(1) NOT NULL DEFAULT 1
) ENGINE=InnoDB DEFAULT CHARSET=latin1 COLLATE=latin1_swedish_ci;

--
-- Dumping data for table `leave_types`
--

INSERT INTO `leave_types` (`type_id`, `name`, `leave_day`, `status`) VALUES
(1, 'Service Incentive Leave', '5', 1),
(2, 'Sick Leave', '15', 1),
(3, 'Maternity Leave', '105', 1),
(4, 'Paternal Leave', '7', 1);

-- --------------------------------------------------------

--
-- Table structure for table `loan`
--

CREATE TABLE `loan` (
  `id` int(14) NOT NULL,
  `emp_id` varchar(256) DEFAULT NULL,
  `amount` varchar(256) DEFAULT NULL,
  `interest_percentage` varchar(256) DEFAULT NULL,
  `total_amount` varchar(64) DEFAULT NULL,
  `total_pay` varchar(64) DEFAULT NULL,
  `total_due` varchar(64) DEFAULT NULL,
  `installment` varchar(256) DEFAULT NULL,
  `loan_number` varchar(256) DEFAULT NULL,
  `loan_details` varchar(256) DEFAULT NULL,
  `approve_date` varchar(256) DEFAULT NULL,
  `install_period` varchar(256) DEFAULT NULL,
  `status` enum('Granted','Deny','Pause','Done') NOT NULL DEFAULT 'Pause'
) ENGINE=InnoDB DEFAULT CHARSET=utf8 COLLATE=utf8_general_ci;

--
-- Dumping data for table `loan`
--

INSERT INTO `loan` (`id`, `emp_id`, `amount`, `interest_percentage`, `total_amount`, `total_pay`, `total_due`, `installment`, `loan_number`, `loan_details`, `approve_date`, `install_period`, `status`) VALUES
(1, 'Doe1753', '65000', NULL, NULL, '0', '0', '10833', '19073382', 'this is a demo loan test for demo purpose', '2023-06-29', '5', 'Granted');

-- --------------------------------------------------------

--
-- Table structure for table `loan_installment`
--

CREATE TABLE `loan_installment` (
  `id` int(14) NOT NULL,
  `loan_id` int(14) NOT NULL,
  `emp_id` varchar(64) DEFAULT NULL,
  `loan_number` varchar(256) DEFAULT NULL,
  `install_amount` varchar(256) DEFAULT NULL,
  `pay_amount` varchar(64) DEFAULT NULL,
  `app_date` varchar(256) DEFAULT NULL,
  `receiver` varchar(256) DEFAULT NULL,
  `install_no` varchar(256) DEFAULT NULL,
  `notes` varchar(512) DEFAULT NULL
) ENGINE=InnoDB DEFAULT CHARSET=utf8 COLLATE=utf8_general_ci;

--
-- Dumping data for table `loan_installment`
--

INSERT INTO `loan_installment` (`id`, `loan_id`, `emp_id`, `loan_number`, `install_amount`, `pay_amount`, `app_date`, `receiver`, `install_no`, `notes`) VALUES
(32, 1, 'Doe1753', '19073382', '10833', NULL, '2023-06-29', NULL, '5', NULL);

-- --------------------------------------------------------

--
-- Table structure for table `logistic_asset`
--

CREATE TABLE `logistic_asset` (
  `log_id` int(14) NOT NULL,
  `name` varchar(256) DEFAULT NULL,
  `qty` varchar(64) DEFAULT NULL,
  `entry_date` varchar(64) DEFAULT NULL
) ENGINE=InnoDB DEFAULT CHARSET=utf8 COLLATE=utf8_general_ci;

--
-- Dumping data for table `logistic_asset`
--

INSERT INTO `logistic_asset` (`log_id`, `name`, `qty`, `entry_date`) VALUES
(1, 'Lubricant', '30', '12/25/17');

-- --------------------------------------------------------

--
-- Table structure for table `logistic_assign`
--

CREATE TABLE `logistic_assign` (
  `ass_id` int(14) NOT NULL,
  `asset_id` int(14) NOT NULL,
  `assign_id` varchar(64) DEFAULT NULL,
  `project_id` int(14) NOT NULL,
  `task_id` int(14) NOT NULL,
  `log_qty` varchar(64) DEFAULT NULL,
  `start_date` varchar(64) DEFAULT NULL,
  `end_date` varchar(64) DEFAULT NULL,
  `back_date` varchar(64) DEFAULT NULL,
  `back_qty` varchar(64) DEFAULT NULL,
  `remarks` varchar(512) DEFAULT NULL
) ENGINE=InnoDB DEFAULT CHARSET=utf8 COLLATE=utf8_general_ci;

-- --------------------------------------------------------

--
-- Table structure for table `notice`
--

CREATE TABLE `notice` (
  `id` int(11) NOT NULL,
  `title` text CHARACTER SET utf8 COLLATE utf8_unicode_ci NOT NULL,
  `file_url` varchar(256) DEFAULT NULL,
  `date` varchar(64) DEFAULT NULL
) ENGINE=InnoDB DEFAULT CHARSET=latin1 COLLATE=latin1_swedish_ci;

--
-- Dumping data for table `notice`
--

INSERT INTO `notice` (`id`, `title`, `file_url`, `date`) VALUES
(1, 'This is a demo notice for all!', 'sample_image.jpg', '2022-01-01'),
(2, 'Office Decorum Notice to Staff Members', 'offnot1.png', '2021-12-21'),
(3, 'Warning for Violation of Office Decorum', 'offnot2.png', '2021-12-27');

-- --------------------------------------------------------

--
-- Table structure for table `owner`
--

CREATE TABLE `owner` (
  `id` int(11) NOT NULL,
  `owner_name` varchar(64) NOT NULL,
  `owner_position` varchar(64) DEFAULT NULL,
  `note` int(11) DEFAULT NULL
) ENGINE=InnoDB DEFAULT CHARSET=latin1 COLLATE=latin1_swedish_ci;

-- --------------------------------------------------------

--
-- Table structure for table `pay_salary`
--

CREATE TABLE `pay_salary` (
  `pay_id` int(14) NOT NULL,
  `emp_id` varchar(64) DEFAULT NULL,
  `type_id` int(14) NOT NULL,
  `month` varchar(64) DEFAULT NULL,
  `year` varchar(64) DEFAULT NULL,
  `paid_date` varchar(64) DEFAULT NULL,
  `total_days` varchar(64) DEFAULT NULL,
  `basic` varchar(64) DEFAULT NULL,
  `medical` varchar(64) DEFAULT NULL,
  `house_rent` varchar(64) DEFAULT NULL,
  `bonus` varchar(64) DEFAULT NULL,
  `bima` varchar(64) DEFAULT NULL,
  `tax` varchar(64) DEFAULT NULL,
  `provident_fund` varchar(64) DEFAULT NULL,
  `loan` varchar(64) DEFAULT NULL,
  `total_pay` varchar(128) DEFAULT NULL,
  `addition` int(128) NOT NULL,
  `diduction` int(128) NOT NULL,
  `status` enum('Paid','Process') DEFAULT 'Process',
  `paid_type` enum('Hand Cash','Bank') NOT NULL DEFAULT 'Bank'
) ENGINE=InnoDB DEFAULT CHARSET=utf8 COLLATE=utf8_general_ci;

--
-- Dumping data for table `pay_salary`
--

INSERT INTO `pay_salary` (`pay_id`, `emp_id`, `type_id`, `month`, `year`, `paid_date`, `total_days`, `basic`, `medical`, `house_rent`, `bonus`, `bima`, `tax`, `provident_fund`, `loan`, `total_pay`, `addition`, `diduction`, `status`, `paid_type`) VALUES
(2, 'Doe1753', 0, 'June', '2023', '2023-06-30', '184', '13500', NULL, NULL, NULL, NULL, NULL, NULL, '10833', '2667.08', 0, 10833, 'Paid', 'Bank'),
(3, 'Smi1266', 0, 'June', '2023', '2023-06-30', '184', '7950', NULL, NULL, NULL, NULL, NULL, NULL, '0', '7950.64', 0, 0, 'Paid', 'Bank'),
(4, 'Moo1634', 0, 'June', '2023', '2023-06-30', '184', '8600', NULL, NULL, NULL, NULL, NULL, NULL, '0', '8600.16', 0, 0, 'Paid', 'Hand Cash'),
(5, 'Tho1044', 0, 'June', '2023', '2023-06-30', '184', '7000', NULL, NULL, NULL, NULL, NULL, NULL, '0', '6999.36', 0, 0, 'Paid', 'Bank'),
(6, 'Den1745', 0, 'June', '2023', '2023-06-30', '208', '5600', NULL, NULL, NULL, NULL, NULL, NULL, '0', '5599.36', 0, 0, 'Paid', 'Bank'),
(8, 'Del1118', 0, 'July', '2023', '2023-07-15', '14.0', '10000', NULL, NULL, NULL, NULL, NULL, NULL, '0', '648.15', 0, 9352, 'Paid', 'Hand Cash'),
(9, 'Den1745', 0, 'July', '2023', '2023-07-21', '15.7', '10500', NULL, NULL, NULL, NULL, NULL, NULL, NULL, '763.19', 0, 9737, 'Paid', 'Hand Cash'),
(10, 'Moo1634', 0, 'July', '2023', '2023-07-23', '11.5', '10500', NULL, NULL, NULL, NULL, NULL, NULL, NULL, '559.03', 0, 9941, 'Process', 'Hand Cash'),
(11, 'Leo1711', 0, 'July', '2023', '2023-07-24', '2.2', '10500', NULL, NULL, NULL, NULL, NULL, NULL, NULL, '106.94', 0, 10393, 'Paid', 'Hand Cash');

-- --------------------------------------------------------

--
-- Table structure for table `penalty`
--

CREATE TABLE `penalty` (
  `id` int(11) NOT NULL,
  `penalty_name` varchar(64) NOT NULL,
  `status` tinyint(1) NOT NULL DEFAULT 1
) ENGINE=InnoDB DEFAULT CHARSET=utf8 COLLATE=utf8_general_ci;

-- --------------------------------------------------------

--
-- Table structure for table `project`
--

CREATE TABLE `project` (
  `id` int(14) NOT NULL,
  `pro_name` varchar(128) DEFAULT NULL,
  `pro_start_date` varchar(128) DEFAULT NULL,
  `pro_end_date` varchar(128) DEFAULT NULL,
  `pro_description` varchar(1024) DEFAULT NULL,
  `pro_summary` varchar(512) DEFAULT NULL,
  `pro_status` enum('upcoming','complete','running') NOT NULL DEFAULT 'running',
  `progress` varchar(128) DEFAULT NULL
) ENGINE=InnoDB DEFAULT CHARSET=latin1 COLLATE=latin1_swedish_ci;

--
-- Dumping data for table `project`
--

INSERT INTO `project` (`id`, `pro_name`, `pro_start_date`, `pro_end_date`, `pro_description`, `pro_summary`, `pro_status`, `progress`) VALUES
(1, 'Project X23', 'Jan 4, 2022', 'Feb 2, 2022', ' This is just a demo project! This is just a demo project! This is just a demo project! This is just a demo project!', 'This is just a demo project!', 'upcoming', NULL),
(2, 'Multi User Chat System', 'Jan 1, 2022', 'April 14, 2022', ' You are required to develop a system that supports multi-user chatting with the help of top level technologies.', 'Development of Multi-User Chatting System', 'running', NULL),
(3, 'Image Enhancement Software', 'Dec 10, 2021', 'Mar 20, 2022', 'You are required to develop of computer based software where end users can receive quality results on image enhancement. This particular project requires large number of technologies with proper use and its features.', 'Development of Image Enhancement Software', 'running', NULL),
(4, 'Customer support service operation', 'Dec 25, 2021', 'Feb 16, 2022', 'You are required to develop a customer support service based operation using DotNet (.Net)', 'Develop a customer support service operation', 'running', NULL),
(5, 'Real Estate Site', 'Dec 29, 2021', 'Mar 21, 2022', ' You are required to develop a real estate website using React, Nodejs.', 'Develop a real-estate website', 'running', NULL),
(6, 'Graphics Illustration', 'Jan 2, 2022', 'Jan 10, 2022', 'You are required to make a graphic illustration for XYZ company. ', 'Make a graphic illustration for ....', 'running', NULL);

-- --------------------------------------------------------

--
-- Table structure for table `project_file`
--

CREATE TABLE `project_file` (
  `id` int(14) NOT NULL,
  `pro_id` int(14) NOT NULL,
  `file_details` varchar(1028) DEFAULT NULL,
  `file_url` varchar(256) DEFAULT NULL,
  `assigned_to` varchar(64) DEFAULT NULL
) ENGINE=InnoDB DEFAULT CHARSET=utf8 COLLATE=utf8_general_ci;

-- --------------------------------------------------------

--
-- Table structure for table `pro_expenses`
--

CREATE TABLE `pro_expenses` (
  `id` int(14) NOT NULL,
  `pro_id` int(14) NOT NULL,
  `assign_to` varchar(64) DEFAULT NULL,
  `details` varchar(512) DEFAULT NULL,
  `amount` varchar(256) DEFAULT NULL,
  `date` varchar(128) DEFAULT NULL
) ENGINE=InnoDB DEFAULT CHARSET=utf8 COLLATE=utf8_general_ci;

-- --------------------------------------------------------

--
-- Table structure for table `pro_notes`
--

CREATE TABLE `pro_notes` (
  `id` int(14) NOT NULL,
  `assign_to` varchar(64) DEFAULT NULL,
  `pro_id` int(14) NOT NULL,
  `details` varchar(1024) DEFAULT NULL
) ENGINE=InnoDB DEFAULT CHARSET=utf8 COLLATE=utf8_general_ci;

-- --------------------------------------------------------

--
-- Table structure for table `pro_task`
--

CREATE TABLE `pro_task` (
  `id` int(14) NOT NULL,
  `pro_id` int(14) NOT NULL,
  `task_title` varchar(256) DEFAULT NULL,
  `start_date` varchar(128) DEFAULT NULL,
  `end_date` varchar(128) DEFAULT NULL,
  `image` varchar(128) DEFAULT NULL,
  `description` varchar(2048) DEFAULT NULL,
  `task_type` enum('Office','Field') NOT NULL DEFAULT 'Office',
  `status` enum('running','complete','cancel') DEFAULT 'running',
  `location` varchar(512) DEFAULT NULL,
  `return_date` varchar(128) DEFAULT NULL,
  `total_days` varchar(128) DEFAULT NULL,
  `create_date` varchar(128) DEFAULT NULL,
  `approve_status` enum('Approved','Not Approve','Rejected') NOT NULL DEFAULT 'Not Approve'
) ENGINE=InnoDB DEFAULT CHARSET=utf8 COLLATE=utf8_general_ci;

--
-- Dumping data for table `pro_task`
--

INSERT INTO `pro_task` (`id`, `pro_id`, `task_title`, `start_date`, `end_date`, `image`, `description`, `task_type`, `status`, `location`, `return_date`, `total_days`, `create_date`, `approve_status`) VALUES
(1, 1, 'Demo Task Title for Testing', '2022-01-03', '2022-01-31', NULL, 'This is demo details for testing. This is demo details for testing', 'Office', 'running', NULL, NULL, NULL, '2022-01-03', '');

-- --------------------------------------------------------

--
-- Table structure for table `pro_task_assets`
--

CREATE TABLE `pro_task_assets` (
  `id` int(11) NOT NULL,
  `pro_task_id` int(11) NOT NULL,
  `assign_id` varchar(64) DEFAULT NULL
) ENGINE=InnoDB DEFAULT CHARSET=latin1 COLLATE=latin1_swedish_ci;

-- --------------------------------------------------------

--
-- Table structure for table `salary_type`
--

CREATE TABLE `salary_type` (
  `id` int(14) NOT NULL,
  `salary_type` varchar(256) DEFAULT NULL,
  `create_date` varchar(256) DEFAULT NULL
) ENGINE=InnoDB DEFAULT CHARSET=utf8 COLLATE=utf8_general_ci;

--
-- Dumping data for table `salary_type`
--

INSERT INTO `salary_type` (`id`, `salary_type`, `create_date`) VALUES
(1, 'Hourly', '2017-11-22'),
(2, 'Monthly', '2017-12-30'),
(3, 'Weekly', '2017-12-29'),
(4, 'Daily', '2018-03-31');

-- --------------------------------------------------------

--
-- Table structure for table `settings`
--

CREATE TABLE `settings` (
  `id` int(11) NOT NULL,
  `sitelogo` varchar(128) DEFAULT NULL,
  `sitetitle` varchar(256) DEFAULT NULL,
  `description` varchar(512) DEFAULT NULL,
  `copyright` varchar(128) DEFAULT NULL,
  `contact` varchar(128) DEFAULT NULL,
  `currency` varchar(128) DEFAULT NULL,
  `symbol` varchar(64) DEFAULT NULL,
  `system_email` varchar(128) DEFAULT NULL,
  `address` varchar(256) DEFAULT NULL,
  `address2` varchar(256) NOT NULL
) ENGINE=InnoDB DEFAULT CHARSET=utf8 COLLATE=utf8_general_ci;

--
-- Dumping data for table `settings`
--

INSERT INTO `settings` (`id`, `sitelogo`, `sitetitle`, `description`, `copyright`, `contact`, `currency`, `symbol`, `system_email`, `address`, `address2`) VALUES
(1, 'hrtag.png', 'H R M System', 'Human Resource Management System', 'MCCIT', '09121145057', 'PHP', 'P', 'fourjs@gmail.com', 'Poblacion', 'Madridejos Cebu');

-- --------------------------------------------------------

--
-- Table structure for table `social_media`
--

CREATE TABLE `social_media` (
  `id` int(14) NOT NULL,
  `emp_id` varchar(64) DEFAULT NULL,
  `facebook` varchar(256) DEFAULT NULL,
  `twitter` varchar(256) DEFAULT NULL,
  `google_plus` varchar(512) DEFAULT NULL,
  `skype_id` varchar(256) DEFAULT NULL
) ENGINE=InnoDB DEFAULT CHARSET=utf8 COLLATE=utf8_general_ci;

-- --------------------------------------------------------

--
-- Table structure for table `to-do_list`
--

CREATE TABLE `to-do_list` (
  `id` int(14) NOT NULL,
  `user_id` varchar(64) DEFAULT NULL,
  `to_dodata` varchar(256) CHARACTER SET utf8 COLLATE utf8_unicode_ci DEFAULT NULL,
  `date` varchar(128) DEFAULT NULL,
  `value` varchar(14) DEFAULT NULL
) ENGINE=InnoDB DEFAULT CHARSET=utf8 COLLATE=utf8_general_ci;

--
-- Dumping data for table `to-do_list`
--

INSERT INTO `to-do_list` (`id`, `user_id`, `to_dodata`, `date`, `value`) VALUES
(1, 'Doe1753', 'Demo Task', '2021-04-19 09:19:29pm', '1'),
(2, 'Soy1332', 'Research on X1, Y2, A3', '2022-01-02 08:27:25pm', '0'),
(3, 'Soy1332', 'Recruit Members', '2022-01-02 08:27:50pm', '1'),
(4, 'Soy1332', 'Assign Task to Dev.', '2022-01-02 08:28:04pm', '0'),
(5, 'Soy1332', 'Attend Zoom Meetings', '2022-01-03 03:10:07pm', '1');

--
-- Indexes for dumped tables
--

--
-- Indexes for table `addition`
--
ALTER TABLE `addition`
  ADD PRIMARY KEY (`addi_id`);

--
-- Indexes for table `address`
--
ALTER TABLE `address`
  ADD PRIMARY KEY (`id`);

--
-- Indexes for table `assets`
--
ALTER TABLE `assets`
  ADD PRIMARY KEY (`ass_id`);

--
-- Indexes for table `assets_category`
--
ALTER TABLE `assets_category`
  ADD PRIMARY KEY (`cat_id`);

--
-- Indexes for table `assign_leave`
--
ALTER TABLE `assign_leave`
  ADD PRIMARY KEY (`id`);

--
-- Indexes for table `assign_task`
--
ALTER TABLE `assign_task`
  ADD PRIMARY KEY (`id`);

--
-- Indexes for table `attendance`
--
ALTER TABLE `attendance`
  ADD PRIMARY KEY (`id`);

--
-- Indexes for table `attendance_schedules`
--
ALTER TABLE `attendance_schedules`
  ADD PRIMARY KEY (`id`);

--
-- Indexes for table `bank_info`
--
ALTER TABLE `bank_info`
  ADD PRIMARY KEY (`id`);

--
-- Indexes for table `branch`
--
ALTER TABLE `branch`
  ADD PRIMARY KEY (`id`);

--
-- Indexes for table `deduction`
--
ALTER TABLE `deduction`
  ADD PRIMARY KEY (`de_id`);

--
-- Indexes for table `department`
--
ALTER TABLE `department`
  ADD PRIMARY KEY (`id`);

--
-- Indexes for table `desciplinary`
--
ALTER TABLE `desciplinary`
  ADD PRIMARY KEY (`id`);

--
-- Indexes for table `designation`
--
ALTER TABLE `designation`
  ADD PRIMARY KEY (`id`);

--
-- Indexes for table `earned_leave`
--
ALTER TABLE `earned_leave`
  ADD PRIMARY KEY (`id`);

--
-- Indexes for table `education`
--
ALTER TABLE `education`
  ADD PRIMARY KEY (`id`);

--
-- Indexes for table `employee`
--
ALTER TABLE `employee`
  ADD PRIMARY KEY (`id`);

--
-- Indexes for table `employee_file`
--
ALTER TABLE `employee_file`
  ADD PRIMARY KEY (`id`);

--
-- Indexes for table `emp_assets`
--
ALTER TABLE `emp_assets`
  ADD PRIMARY KEY (`id`);

--
-- Indexes for table `emp_experience`
--
ALTER TABLE `emp_experience`
  ADD PRIMARY KEY (`id`);

--
-- Indexes for table `emp_leave`
--
ALTER TABLE `emp_leave`
  ADD PRIMARY KEY (`id`);

--
-- Indexes for table `emp_penalty`
--
ALTER TABLE `emp_penalty`
  ADD PRIMARY KEY (`id`);

--
-- Indexes for table `emp_salary`
--
ALTER TABLE `emp_salary`
  ADD PRIMARY KEY (`id`);

--
-- Indexes for table `field_visit`
--
ALTER TABLE `field_visit`
  ADD PRIMARY KEY (`id`);

--
-- Indexes for table `holiday`
--
ALTER TABLE `holiday`
  ADD PRIMARY KEY (`id`);

--
-- Indexes for table `leave_types`
--
ALTER TABLE `leave_types`
  ADD PRIMARY KEY (`type_id`);

--
-- Indexes for table `loan`
--
ALTER TABLE `loan`
  ADD PRIMARY KEY (`id`);

--
-- Indexes for table `loan_installment`
--
ALTER TABLE `loan_installment`
  ADD PRIMARY KEY (`id`);

--
-- Indexes for table `logistic_asset`
--
ALTER TABLE `logistic_asset`
  ADD PRIMARY KEY (`log_id`);

--
-- Indexes for table `logistic_assign`
--
ALTER TABLE `logistic_assign`
  ADD PRIMARY KEY (`ass_id`);

--
-- Indexes for table `notice`
--
ALTER TABLE `notice`
  ADD PRIMARY KEY (`id`);

--
-- Indexes for table `pay_salary`
--
ALTER TABLE `pay_salary`
  ADD PRIMARY KEY (`pay_id`);

--
-- Indexes for table `project`
--
ALTER TABLE `project`
  ADD PRIMARY KEY (`id`);

--
-- Indexes for table `project_file`
--
ALTER TABLE `project_file`
  ADD PRIMARY KEY (`id`);

--
-- Indexes for table `pro_expenses`
--
ALTER TABLE `pro_expenses`
  ADD PRIMARY KEY (`id`);

--
-- Indexes for table `pro_notes`
--
ALTER TABLE `pro_notes`
  ADD PRIMARY KEY (`id`);

--
-- Indexes for table `pro_task`
--
ALTER TABLE `pro_task`
  ADD PRIMARY KEY (`id`);

--
-- Indexes for table `pro_task_assets`
--
ALTER TABLE `pro_task_assets`
  ADD PRIMARY KEY (`id`);

--
-- Indexes for table `salary_type`
--
ALTER TABLE `salary_type`
  ADD PRIMARY KEY (`id`);

--
-- Indexes for table `settings`
--
ALTER TABLE `settings`
  ADD PRIMARY KEY (`id`);

--
-- Indexes for table `social_media`
--
ALTER TABLE `social_media`
  ADD PRIMARY KEY (`id`);

--
-- Indexes for table `to-do_list`
--
ALTER TABLE `to-do_list`
  ADD PRIMARY KEY (`id`);

--
-- AUTO_INCREMENT for dumped tables
--

--
-- AUTO_INCREMENT for table `addition`
--
ALTER TABLE `addition`
  MODIFY `addi_id` int(14) NOT NULL AUTO_INCREMENT, AUTO_INCREMENT=13;

--
-- AUTO_INCREMENT for table `address`
--
ALTER TABLE `address`
  MODIFY `id` int(14) NOT NULL AUTO_INCREMENT, AUTO_INCREMENT=5;

--
-- AUTO_INCREMENT for table `assets`
--
ALTER TABLE `assets`
  MODIFY `ass_id` int(14) NOT NULL AUTO_INCREMENT, AUTO_INCREMENT=2;

--
-- AUTO_INCREMENT for table `assets_category`
--
ALTER TABLE `assets_category`
  MODIFY `cat_id` int(14) NOT NULL AUTO_INCREMENT, AUTO_INCREMENT=5;

--
-- AUTO_INCREMENT for table `assign_leave`
--
ALTER TABLE `assign_leave`
  MODIFY `id` int(14) NOT NULL AUTO_INCREMENT, AUTO_INCREMENT=5;

--
-- AUTO_INCREMENT for table `assign_task`
--
ALTER TABLE `assign_task`
  MODIFY `id` int(14) NOT NULL AUTO_INCREMENT, AUTO_INCREMENT=3;

--
-- AUTO_INCREMENT for table `attendance`
--
ALTER TABLE `attendance`
  MODIFY `id` int(14) NOT NULL AUTO_INCREMENT, AUTO_INCREMENT=1041;

--
-- AUTO_INCREMENT for table `attendance_schedules`
--
ALTER TABLE `attendance_schedules`
  MODIFY `id` int(11) NOT NULL AUTO_INCREMENT, AUTO_INCREMENT=6;

--
-- AUTO_INCREMENT for table `bank_info`
--
ALTER TABLE `bank_info`
  MODIFY `id` int(14) NOT NULL AUTO_INCREMENT, AUTO_INCREMENT=11;

--
-- AUTO_INCREMENT for table `branch`
--
ALTER TABLE `branch`
  MODIFY `id` int(11) NOT NULL AUTO_INCREMENT, AUTO_INCREMENT=6;

--
-- AUTO_INCREMENT for table `deduction`
--
ALTER TABLE `deduction`
  MODIFY `de_id` int(14) NOT NULL AUTO_INCREMENT, AUTO_INCREMENT=13;

--
-- AUTO_INCREMENT for table `department`
--
ALTER TABLE `department`
  MODIFY `id` int(11) NOT NULL AUTO_INCREMENT, AUTO_INCREMENT=11;

--
-- AUTO_INCREMENT for table `desciplinary`
--
ALTER TABLE `desciplinary`
  MODIFY `id` int(14) NOT NULL AUTO_INCREMENT, AUTO_INCREMENT=2;

--
-- AUTO_INCREMENT for table `designation`
--
ALTER TABLE `designation`
  MODIFY `id` int(11) NOT NULL AUTO_INCREMENT, AUTO_INCREMENT=33;

--
-- AUTO_INCREMENT for table `earned_leave`
--
ALTER TABLE `earned_leave`
  MODIFY `id` int(14) NOT NULL AUTO_INCREMENT, AUTO_INCREMENT=29;

--
-- AUTO_INCREMENT for table `education`
--
ALTER TABLE `education`
  MODIFY `id` int(11) NOT NULL AUTO_INCREMENT, AUTO_INCREMENT=2;

--
-- AUTO_INCREMENT for table `employee`
--
ALTER TABLE `employee`
  MODIFY `id` int(11) NOT NULL AUTO_INCREMENT, AUTO_INCREMENT=47;

--
-- AUTO_INCREMENT for table `employee_file`
--
ALTER TABLE `employee_file`
  MODIFY `id` int(14) NOT NULL AUTO_INCREMENT;

--
-- AUTO_INCREMENT for table `emp_assets`
--
ALTER TABLE `emp_assets`
  MODIFY `id` int(11) NOT NULL AUTO_INCREMENT;

--
-- AUTO_INCREMENT for table `emp_experience`
--
ALTER TABLE `emp_experience`
  MODIFY `id` int(14) NOT NULL AUTO_INCREMENT;

--
-- AUTO_INCREMENT for table `emp_leave`
--
ALTER TABLE `emp_leave`
  MODIFY `id` int(11) NOT NULL AUTO_INCREMENT, AUTO_INCREMENT=7;

--
-- AUTO_INCREMENT for table `emp_penalty`
--
ALTER TABLE `emp_penalty`
  MODIFY `id` int(11) NOT NULL AUTO_INCREMENT;

--
-- AUTO_INCREMENT for table `emp_salary`
--
ALTER TABLE `emp_salary`
  MODIFY `id` int(11) NOT NULL AUTO_INCREMENT, AUTO_INCREMENT=13;

--
-- AUTO_INCREMENT for table `field_visit`
--
ALTER TABLE `field_visit`
  MODIFY `id` int(14) NOT NULL AUTO_INCREMENT;

--
-- AUTO_INCREMENT for table `holiday`
--
ALTER TABLE `holiday`
  MODIFY `id` int(11) NOT NULL AUTO_INCREMENT, AUTO_INCREMENT=9;

--
-- AUTO_INCREMENT for table `leave_types`
--
ALTER TABLE `leave_types`
  MODIFY `type_id` int(14) NOT NULL AUTO_INCREMENT, AUTO_INCREMENT=10;

--
-- AUTO_INCREMENT for table `loan`
--
ALTER TABLE `loan`
  MODIFY `id` int(14) NOT NULL AUTO_INCREMENT, AUTO_INCREMENT=2;

--
-- AUTO_INCREMENT for table `loan_installment`
--
ALTER TABLE `loan_installment`
  MODIFY `id` int(14) NOT NULL AUTO_INCREMENT, AUTO_INCREMENT=33;

--
-- AUTO_INCREMENT for table `logistic_asset`
--
ALTER TABLE `logistic_asset`
  MODIFY `log_id` int(14) NOT NULL AUTO_INCREMENT, AUTO_INCREMENT=2;

--
-- AUTO_INCREMENT for table `logistic_assign`
--
ALTER TABLE `logistic_assign`
  MODIFY `ass_id` int(14) NOT NULL AUTO_INCREMENT;

--
-- AUTO_INCREMENT for table `notice`
--
ALTER TABLE `notice`
  MODIFY `id` int(11) NOT NULL AUTO_INCREMENT, AUTO_INCREMENT=4;

--
-- AUTO_INCREMENT for table `pay_salary`
--
ALTER TABLE `pay_salary`
  MODIFY `pay_id` int(14) NOT NULL AUTO_INCREMENT, AUTO_INCREMENT=12;

--
-- AUTO_INCREMENT for table `project`
--
ALTER TABLE `project`
  MODIFY `id` int(14) NOT NULL AUTO_INCREMENT, AUTO_INCREMENT=7;

--
-- AUTO_INCREMENT for table `project_file`
--
ALTER TABLE `project_file`
  MODIFY `id` int(14) NOT NULL AUTO_INCREMENT;

--
-- AUTO_INCREMENT for table `pro_expenses`
--
ALTER TABLE `pro_expenses`
  MODIFY `id` int(14) NOT NULL AUTO_INCREMENT;

--
-- AUTO_INCREMENT for table `pro_notes`
--
ALTER TABLE `pro_notes`
  MODIFY `id` int(14) NOT NULL AUTO_INCREMENT;

--
-- AUTO_INCREMENT for table `pro_task`
--
ALTER TABLE `pro_task`
  MODIFY `id` int(14) NOT NULL AUTO_INCREMENT, AUTO_INCREMENT=2;

--
-- AUTO_INCREMENT for table `pro_task_assets`
--
ALTER TABLE `pro_task_assets`
  MODIFY `id` int(11) NOT NULL AUTO_INCREMENT;

--
-- AUTO_INCREMENT for table `salary_type`
--
ALTER TABLE `salary_type`
  MODIFY `id` int(14) NOT NULL AUTO_INCREMENT, AUTO_INCREMENT=5;

--
-- AUTO_INCREMENT for table `settings`
--
ALTER TABLE `settings`
  MODIFY `id` int(11) NOT NULL AUTO_INCREMENT, AUTO_INCREMENT=2;

--
-- AUTO_INCREMENT for table `social_media`
--
ALTER TABLE `social_media`
  MODIFY `id` int(14) NOT NULL AUTO_INCREMENT;

--
-- AUTO_INCREMENT for table `to-do_list`
--
ALTER TABLE `to-do_list`
  MODIFY `id` int(14) NOT NULL AUTO_INCREMENT, AUTO_INCREMENT=6;
COMMIT;

/*!40101 SET CHARACTER_SET_CLIENT=@OLD_CHARACTER_SET_CLIENT */;
/*!40101 SET CHARACTER_SET_RESULTS=@OLD_CHARACTER_SET_RESULTS */;
/*!40101 SET COLLATION_CONNECTION=@OLD_COLLATION_CONNECTION */;
